<data>
<language code     = "bg"    
          name     = "Bulgarian"
          lcid     = "1026"/>
<language code     = "ca"    
          name     = "Catalan"  
          codepage = "1252"
          lcid     = "1027" 
          charset  = "iso-8859-1"/>
<language code     = "cs"
          name     = "Czech"
          lcid     = "1029"/>
<language code     = "da"    
          name     = "Danske"   
          codepage = "1257"
          lcid     = "1030" 
          charset  = "windows-1257"/>
<language code     = "de"    
          name     = "Deutsch"  
          codepage = "1252" 
          lcid     = "1031"
          charset  = "iso-8859-1"/>
<language code     = "el"    
          name     = "Greek"    
          codepage = "1253"
          lcid     = "1032" 
          charset  = "windows-1253"/>
<language code     = "en"    
          name     = "English"  
          codepage = "1252"
          lcid     = "1033" 
          charset  = "iso-8859-1"/>
<language code     = "en-gb" 
          name     = "English United kingdom" 
          codepage = "1252"
          lcid     = "2057"
          charset  = "iso-8859-1"/>
<language code     = "es"    
          name     = "Espa&ntilde;ol" 
          codepage = "1252"
          lcid     = "1034" 
          charset  = "iso-8859-1"/>
<language code     = "eu"    
          name     = "Basque"         
          codepage = "1252"
          lcid     = "1069" 
          charset  = "iso-8859-1"/>
<language code     = "fi"    
          name     = "Finnish"  
          codepage = "1257"
          lcid     = "1035" 
          charset  = "windows-1257"/>
<language code     = "fr"    
          name     = "Fran&ccedil;ais" 
          codepage = "1252"
          lcid     = "1036" 
          charset  = "iso-8859-1"/>
<language code     = "fr-be"    
          name     = "Fran&ccedil;ais belgique" 
          codepage = "1252"
          lcid     = "2060" 
          charset  = "iso-8859-1"/>
<language code     = "fy"    
          name     = "Frisian"  
          codepage = "1252"
          charset  = "iso-8859-1"/>
<language code     = "ga"    
          name     = "Irish"    
          codepage = "1252" 
          lcid     = "1084"
          charset  = "iso-8859-1"/>
<language code     = "he"    
          name     = "Hebrew"   
          codepage = "1255" 
          lcid     = "1037"
          charset  = "iso-8859-8"/>
<language code     = "it"    
          name     = "Italiano" 
          codepage = "1252" 
          lcid     = "1040"
          charset  = "iso-8859-1"/>
<language code     = "ja"    
          name     = "Japanese" 
          codepage = "932"  
          lcid     = "1041"
          charset  = "shift_jis"/>
<language code     = "ko"    
          name     = "Korean"   
          codepage = "949"  
          lcid     = "1042"
          charset  = "ks_c_5601"/>
<language code     = "nl"    
          name     = "Nederlands" 
          codepage = "1252" 
          lcid     = "1043"
          charset  = "iso-8859-1"/>
<language code     = "nl-be" 
          name     = "Nederlands belgie" 
          codepage  = "1252" 
          lcid     = "2067"
          charset  = "iso-8859-1"/>
<language code     = "no"    
          name     = "Norske"   
          codepage = "1257" 
          lcid     = "1044"
          charset  = "windows-1257" />
<language code     = "pl"    
          name     = "Polish"
          lcid     = "1045"/>
<language code     = "pt"    
          name     = "Portugu&ecirc;s" 
          codepage = "1252" 
          lcid     = "2070"
          charset  = "iso-8859-1"/>
<language code     = "ro"    
          name     = "Romanian"
          lcid     = "1048"/>
<language code     = "ru"    
          name     = "Russian"
          lcid     = "1049"/>
<language code     = "sk"    
          name     = "Slovak"
          lcid     = "1051"/>
<language code     = "sl"    
          name     = "Slovenian"
          lcid     = "1060"/>
<language code     = "sv"    
          name     = "Svenske"  
          codepage = "1257" 
          lcid     = "1053"
          charset  = "windows-1257" />
<language code     = "zh"    
          name     = "Chinese"
          lcid     = "2052"/>
</data>

