<data>
<prefdef name = "BODYBGCOLOR"  default = "#FFFFFF"  prompt = "HTML background color"
         textbox = "0" iscolor = "1"
         hints = "Background color for page." />

<prefdef name = "TABLEHEADCOLOR"  default = "#525A7B"  prompt = "Table header line color" 
         textbox = "0" iscolor = "1"
         hints = "Color of table header, for summary lists." />

<prefdef name = "TABLEROWCOLOR1" default = "#E7E1ED"  prompt = "Table detail color even" 
         textbox = "0" iscolor = "1"
         hints = "Color of even lines in summary lists." />

<prefdef name = "TABLEROWCOLOR2" default = "#FFFFFF"  prompt = "Table detail color odd"  
         textbox = "0" iscolor = "1"
         hints = "Color of odd lines in summary lists." />

<prefdef name = "FOOTERFONTCOLOR" default = "white"  prompt = "Page footer font color"
         textbox = "0" iscolor = "1"
         hints = "Color of copyright message and other normal text in the status bar." />

<prefdef name = "MENUHEADCOLOR" default = "#5F6389"  prompt = "Menu title background color"
         textbox = "0" iscolor = "1"
         hints = "Color of the title box in menus." />
         
<prefdef name = "HEADERLEFT"   default = "images/headerleft.gif"  prompt = "Header graphic, left"
         textbox = "0" iscolor = "0"
         hints = "At most 300x70, recommended 250x60, use 256-color palette." />

<prefdef name = "HEADERRIGHT"  default = "images/headerright.gif" prompt = "Header graphic, right" 
         textbox = "0" iscolor = "0"
         hints = "At most 300x70, recommended 250x60, use 256-color palette" />

<prefdef name = "HEADERBACK" default = "images/headerback.gif" prompt = "Header background"
         textbox = "0" iscolor = "0"
         hints = "Used as background for header center.  Must match left and right images, same
height but just 1 or 2 pixels wide; image is stretched between left and right." />

<prefdef name = "FOOTERBACK" default = "images/footerback.gif" prompt = "Footer background"
         textbox = "0" iscolor = "0"
         hints = "Used as background for footer center.  Must match left and right images, same
height but just 1 or 2 pixels wide; image is stretched between left and right." />

<prefdef name = "EMAILFOOTER" prompt = "Standard footer for emails"
         textbox = "1" iscolor = "0"
         hints = "Text added to all emails sent from application"
         default = "
You can connect to the application on: $(url).  Please do not reply to this email.
" />

<prefdef name = "STYLESHEET"
         prompt = "HTML stylesheet"
         textbox = "1" iscolor = "0"
         hints = "See header.asp for details and allowed style classes.  To edit the
         stylesheet, choose 'View Source', and copy the HTML source code into your
         editor.  Make your changes to the stylesheet and when satisfied, copy the
         stylesheet text back into this screen."
         default = "
p          {font: small Arial,Helvetica; color:#42427B}
th         {font: x-small Arial,Helvetica; color:white}
td         {font: small Arial,Helvetica}
li         {font: small Arial,Helvetica}
select     {font: x-small Arial,Helvetica; background-color:white}
input      {font: x-small Arial,Helvetica; background-color:white}
textarea   {font: x-small Arial,Helvetica; background-color:white}
.button    {font: small Arial,Helvetica; background-color:#E6E6E6}
.header    {font: medium Arial,Helvetica; font-weight:bold}
.force     {font: x-small Arial,Helvetica; background-color:white;}
.error     {font: x-small Arial,Helvetica; background-color:#FF6666; color:white}
.title     {font: small Arial,Helvetica; background-color:#FEF181; color:black; font-weight:bold}
.hilite    {font: small Arial,Helvetica; background-color:black; color:#FEF181; font-weight:bold}
.toolbar   {font: x-small Arial,Helvetica; color:#000000; text-decoration:none}
.hint      {font: x-small Arial,Helvetica; color:#42427B}a.toolbar  {font: bold x-small Arial,Helvetica; color:#000099; text-decoration:none}
a.toolbar  {font: bold x-small Arial,Helvetica; color:#000099; text-decoration:none}
a.tailbar  {font: bold x-small Arial,Helvetica; color:black; text-decoration:none}
a.action   {font: small   Arial,Helvetica; color:#000099; text-decoration:none}
a.menu     {font: small   Arial,Helvetica; color:#000099; text-decoration:none}
a.alert    {font: small   Arial,Helvetica; color:red;     text-decoration:none}
a.small    {font: x-small Arial,Helvetica; color:#000099; text-decoration:none}
a.large    {font: medium  Arial,Helvetica; color:#000099; text-decoration:none}
a:hover    {color:blue; text-decoration:underline }
a.tailbar:hover {color:white; text-decoration:none}
.required  {font: small Arial, Helvetica; font-weight:bold}
"
           />
</data>
